role,id,user,query,duration_s,channels,samplerate,peak,rms,dc,body_over_glare_dB,decay_to_-20dB_s,peak_at_s,steadiness_cv,loop_seam_dB,bytes
cloth,256310,"Kodack","fabric movement",8.007,1,48000,0.97,0.04453,0.00002,3.35,0.09,1.825,0.912,42.19,185664
cloth,336572,"Anthousai","cloth drop",0.677,2,48000,0.5298,0.02485,-0.00048,-22.78,0.04,0.29,9,9,21024
cloth,336573,"Anthousai","cloth drop",0.674,2,48000,0.4409,0.01518,-0.00046,-23.58,0.05,0,9,9,21024
cloth,336574,"Anthousai","cloth drop",1.179,2,48000,0.4014,0.03284,-0.00053,-27.3,0.1,0.185,0.325,9,33408
cloth,336575,"Anthousai","cloth drop",0.695,2,48000,0.4183,0.02421,-0.00044,-27.08,0.215,0.15,9,9,20832
cloth,336576,"Anthousai","cloth drop",0.735,2,48000,0.5571,0.03019,-0.0005,-27.98,0.125,0.285,9,9,21720
cloth,336577,"Anthousai","cloth drop",0.84,2,48000,0.2746,0.01456,-0.00044,-18.38,0.035,0.11,0.999,9,25152
cloth,336578,"Anthousai","cloth drop",0.8,2,48000,0.295,0.02672,-0.00049,-22.11,0.045,0.175,0.726,9,23136
cloth,428336,"zembacraftworks","cloth drop",0.639,2,48000,0.7652,0.2071,0.00727,38.46,0.035,0.31,9,9,14219
cloth,428337,"zembacraftworks","cloth drop",0.836,2,48000,0.9712,0.15091,-0.00222,46.55,0.02,0.265,0.81,9,18055
cloth,430721,"juanj105","fabric movement",9.701,2,48000,0.0416,0.003,0,3.79,0.15,0.865,0.765,8.75,168856
cloth,458373,"detamine","cloth drop",0.405,1,48000,0.1773,0.02172,0.00018,8.1,0.065,0.135,9,9,12480
cloth,496448,"Harrisando","cloth drop",5.5,2,48000,0.0079,0.00019,0,19.17,0.03,0.965,1.697,2.11,105456
cloth,517723,"ZoviPoland","cloth drop",0.845,2,48000,0.3461,0.03398,0,26.82,0.065,0.215,1.071,9,16704
cloth,517724,"ZoviPoland","cloth drop",0.614,2,48000,0.6453,0.04193,0,20.56,0.065,0.09,9,9,11424
cloth,517725,"ZoviPoland","cloth drop",1.265,2,48000,0.4535,0.03606,0,22.24,0.04,0.27,1.271,9,23664
cloth,517726,"ZoviPoland","cloth drop",1.25,2,48000,0.7535,0.05326,-0.00001,13.72,0.15,0.255,0.967,9,20832
cloth,517727,"ZoviPoland","cloth drop",0.671,2,48000,0.7503,0.0684,0,29.46,0.1,0.11,9,9,13272
cloth,517728,"ZoviPoland","cloth drop",0.924,2,48000,0.4099,0.04227,0.00001,28.59,0.115,0.115,1.264,9,18000
cloth,517729,"ZoviPoland","cloth drop",1.011,2,48000,0.4403,0.04194,0,30.02,0.065,0.215,1.419,9,19632
cloth,556711,"NachtmahrTV","fabric movement",3.038,2,48000,0.5429,0.02139,0,-3.47,0.41,2.115,0.835,2.33,57162
cloth,591195,"Rudmer_Rotteveel","cloth",1.333,2,48000,0.6879,0.02962,0,-9.31,0.06,0.13,1.78,9,30104
cloth,591525,"Rudmer_Rotteveel","cloth",3.24,2,48000,0.7631,0.03062,0.00002,-15.38,0.065,1.75,0.674,4.46,77391
cloth,624478,"ValentinPetiteau","cloth",7.613,1,48000,0.872,0.06136,0.00001,8.43,0.05,4.63,0.705,13.77,174336
cloth,670100,"MikeFozzy98","cloth",0.129,1,48000,0.5751,0.12944,-0.00014,29.84,0.035,0.02,9,9,5428
cloth,670101,"MikeFozzy98","cloth",0.13,1,48000,0.6136,0.12849,0.00062,31.68,0.015,0.035,9,9,5636
cloth,670102,"MikeFozzy98","cloth",0.09,1,48000,0.6418,0.13802,-0.00032,32.17,0.02,0.025,9,9,4175
cloth,670103,"MikeFozzy98","cloth",0.127,1,48000,0.5724,0.11749,-0.00001,32.91,0.025,0.025,9,9,5532
cloth,670104,"MikeFozzy98","cloth",0.186,1,48000,0.5685,0.10423,0.00003,34.82,0.03,0.02,9,9,7098
cloth,670105,"MikeFozzy98","cloth",0.173,1,48000,0.5706,0.11144,0,31.06,0.03,0.04,9,9,6888
cloth,670106,"MikeFozzy98","cloth",0.183,1,48000,0.5841,0.10506,-0.00007,31.06,0.035,0.03,9,9,6680
cloth,670107,"MikeFozzy98","cloth",0.213,1,48000,0.6056,0.09446,-0.00007,36.61,0.03,0.03,9,9,7410
cloth,682869,"drewsimko","cloth",1.583,2,48000,0.0065,0.00068,0,9.79,0.08,1.17,0.787,20.1,31776
cloth,682870,"drewsimko","cloth",1.75,2,48000,0.0192,0.00048,0,8.35,0.035,1.16,0.565,15.25,34752
cloth,682871,"drewsimko","cloth",0.958,2,48000,0.0074,0.00028,0,3.16,0.04,0.73,0.388,9,19728
cloth,778063,"BlondPanda","fabric movement",5.072,1,48000,0.9673,0.03266,0.00006,3.79,0.05,3.505,0.424,9,106368
cloth,778064,"BlondPanda","fabric movement",5.302,1,48000,0.9832,0.05773,-0.00001,-5.76,0.115,3.87,0.376,9,109344
cloth,778065,"BlondPanda","fabric movement",4,1,48000,0.9701,0.06483,0,-7.86,0.025,1.3,0.559,9,77280
cloth,778066,"BlondPanda","fabric movement",3.153,1,48000,0.974,0.05011,0,-6.86,0.055,1.26,0.637,9,60768
cloth,778067,"BlondPanda","fabric movement",3.754,1,48000,0.8513,0.04344,-0.00013,-12.28,0.035,2.39,0.678,9,72096
cloth,778068,"BlondPanda","fabric movement",3.143,1,48000,0.9722,0.05692,-0.00001,-5.82,0.17,0.3,0.759,9,58272
cloth,778076,"BlondPanda","fabric movement",5.76,1,48000,0.9696,0.07113,0,0.17,0.09,3.895,0.352,2.87,119856
cloth,778077,"BlondPanda","fabric movement",6.212,1,48000,0.9715,0.05594,-0.00003,4.04,0.055,3.895,0.224,0.38,127200
cloth,778082,"BlondPanda","fabric movement",9.847,1,48000,0.9709,0.03563,-0.00001,-3.81,0.04,3.595,0.284,2.71,221664
cloth,778083,"BlondPanda","fabric movement",5.016,1,48000,0.9709,0.03881,-0.00001,-1.76,0.49,3.45,0.468,9,101616
cloth,778503,"BlondPanda","cloth",0.603,1,48000,0.7606,0.02763,0,-2.02,0.04,0.14,9,9,16224
cloth,778504,"BlondPanda","cloth",0.572,1,48000,0.3683,0.02732,0,3.47,0.165,0.255,9,9,14880
cloth,778505,"BlondPanda","cloth",0.568,1,48000,0.3314,0.026,0,1.98,0.23,0.31,9,9,15456
cloth,778506,"BlondPanda","cloth",0.547,1,48000,0.1553,0.01922,0,4.92,0.43,0.015,9,9,15168
cloth,778507,"BlondPanda","cloth",0.531,1,48000,0.3279,0.0237,0,3.91,0.245,0.045,9,9,15360
cloth,778508,"BlondPanda","cloth",0.576,1,48000,0.5961,0.02772,0,-0.31,0.33,0.075,9,9,16320
cloth,778509,"BlondPanda","cloth",0.61,1,48000,0.1995,0.02241,0,4.59,0.295,0.11,9,9,16752
cloth,778510,"BlondPanda","cloth",0.541,1,48000,0.3067,0.02319,0,2.69,0.4,0.105,9,9,14832
cloth,778511,"BlondPanda","cloth",0.568,1,48000,0.4585,0.02354,0,-0.71,0.325,0.1,9,9,15744
cloth,778512,"BlondPanda","cloth",0.509,1,48000,0.1649,0.02324,0,4.5,0.435,0.025,9,9,13920
cloth,778513,"BlondPanda","cloth",0.629,1,48000,0.3657,0.02552,0,2.19,0.285,0.305,9,9,16608
cloth,778514,"BlondPanda","cloth",0.559,1,48000,0.4026,0.02601,0,2.63,0.12,0.255,9,9,15360
cloth,778515,"BlondPanda","cloth",0.563,1,48000,0.196,0.02091,0,2.48,0.275,0.25,9,9,14832
cloth,778516,"BlondPanda","cloth",0.531,1,48000,0.3193,0.02876,0,4.79,0.02,0.435,9,9,14400
cloth,778517,"BlondPanda","cloth",0.532,1,48000,0.1111,0.01873,0,6.51,0.42,0.07,9,9,14688
dispatch,198273,"JackDeB","letterbox",4.207,2,48000,0.9224,0.03559,-0.00013,-3.93,0.15,1.035,2.444,9,69596
dispatch,248034,"sophiehall3535","hole punch",1.44,2,48000,0.5755,0.01377,0,-6.02,0.01,0.755,1.287,9,27888
dispatch,256744,"radwoc","stamp",1.181,2,48000,0.1872,0.00833,-0.00001,6.15,0.05,0.375,0.667,9,32208
dispatch,256745,"radwoc","stamp",1.239,2,48000,0.1633,0.00722,-0.00004,6.08,0.05,0.41,0.584,9,32448
dispatch,256746,"radwoc","stamp",1.478,2,48000,0.5785,0.0196,-0.00006,7.28,0.05,0.505,0.939,9,39192
dispatch,256747,"radwoc","stamp",1.467,2,48000,0.7672,0.02302,-0.00014,2.44,0.045,0.43,1.154,9,36192
dispatch,256748,"radwoc","stamp",1.254,2,48000,0.4044,0.01564,-0.00003,4.35,0.03,0.34,0.622,9,32832
dispatch,256749,"radwoc","stamp",1.425,2,48000,0.3801,0.01704,-0.00005,8.55,0.05,0.51,0.749,9,37296
dispatch,256750,"radwoc","stamp",1.982,2,48000,0.1497,0.00621,-0.00002,5.48,0.055,0.59,0.99,5.91,50664
dispatch,256751,"radwoc","stamp",0.911,2,48000,0.3733,0.01966,-0.00007,8.54,0.05,0.295,0.639,9,26112
dispatch,256752,"radwoc","stamp",1.536,2,48000,0.2962,0.00995,-0.00003,11.03,0.03,0.64,0.963,8.91,40272
dispatch,256753,"radwoc","stamp",1.59,2,48000,0.3461,0.00963,-0.00004,0.6,0.03,0.52,0.948,3.15,38784
dispatch,256754,"radwoc","stamp",1.164,2,48000,0.2351,0.01219,-0.00006,12.48,0.055,0.33,1.152,9,33792
dispatch,256755,"radwoc","stamp",0.579,2,48000,0.2345,0.00828,-0.00009,6.38,0.035,0.425,9,9,16704
dispatch,256756,"radwoc","stamp",1.466,2,48000,0.1646,0.00546,-0.00003,7.75,0.05,0.46,0.767,9,40800
dispatch,256760,"radwoc","stamp",1.278,2,48000,0.2871,0.01594,-0.00001,14.92,0.03,0.77,0.933,9,34272
dispatch,256761,"radwoc","stamp",1.682,2,48000,0.3007,0.00717,-0.00003,1.67,0.045,0.545,0.698,4.91,42144
dispatch,271488,"hannahj40","hole punch",5.1,1,48000,1,0.03082,-0.00002,-15.64,0.025,0.79,0.803,23.54,132192
dispatch,272449,"ryanharding95","hole punch",5.205,1,48000,0.6977,0.01123,0,-16.73,0.015,4.21,0.869,22.58,136128
dispatch,32361,"Walter_Odington","letterbox",6,1,48000,0.998,0.02453,-0.00045,1.43,0.125,2.585,1.396,1.11,137856
dispatch,32362,"Walter_Odington","letterbox",4.304,1,48000,0.9513,0.02392,-0.0003,-2.7,0.075,1.7,1.827,0.01,99662
dispatch,32363,"Walter_Odington","letterbox",5,1,48000,0.9635,0.013,-0.00018,6.25,0.045,2.405,2.414,7.35,115627
dispatch,328676,"padsterpat","envelope",3.5,1,48000,1.033,0.52336,0.00033,45.07,1.125,0.375,0.515,4.46,27815
dispatch,330268,"deleted_user_2104797","hole punch",2.113,1,48000,0.48,0.01345,0,7.06,0.035,0.715,1.115,8.65,52704
dispatch,330269,"deleted_user_2104797","hole punch",1.327,1,48000,0.8269,0.02774,-0.00002,4.75,0.04,0.49,0.837,9,33408
dispatch,360482,"giddster","hole punch",7.393,2,48000,0.2522,0.00974,-0.00004,-2.2,0.045,4.41,0.805,5.63,188486
dispatch,360492,"giddster","stapler",2.203,2,48000,0.3933,0.02394,0.00001,12.71,0.045,0.565,1.219,19.67,58758
dispatch,361346,"jack126guy","slot machine coin",3.818,2,48000,0.2961,0.04119,-0.00019,-4.69,1.06,0.79,0.135,2.08,94368
dispatch,365503,"Caitlin_100","letterbox",3.436,2,48000,0.8884,0.04474,0.00003,2.25,0.13,1.105,1.381,15.87,80302
dispatch,366081,"simone_ds","hole punch",7.161,2,48000,1,0.01599,0,1.09,0.01,4.735,0.999,4.95,175824
dispatch,367462,"univ_lyon3","slot machine coin",6.01,2,48000,0.6967,0.11179,0.00007,-7.3,1.96,3.04,0.256,3.3,132951
dispatch,381203,"kaydinhamby","stapler",1.306,2,48000,0.1432,0.01507,0.0005,21.23,0.03,0.26,0.605,9,34960
dispatch,398403,"Caitlin_100","letterbox",0.772,2,48000,0.6346,0.03847,0.00001,23.08,0.085,0.475,0.793,9,16145
dispatch,412062,"Citlaly","stapler",5.95,1,48000,1.0217,0.0519,0.00013,-6.18,0.015,0.635,0.783,29.65,145550
dispatch,412548,"hmilleo","stapler",1.496,2,48000,0.5956,0.01896,0,-6.87,0.01,0.98,0.818,9,40731
dispatch,426433,"dersinnsspace","tube",4.127,2,48000,0.5482,0.04786,-0.00043,52.5,1.395,0.005,1.261,51.24,92986
dispatch,426434,"dersinnsspace","tube",3.655,2,48000,0.3706,0.0225,-0.00019,35.27,0.84,0,1.447,48.01,85053
dispatch,426435,"dersinnsspace","tube",4.68,2,48000,0.8356,0.01684,-0.00015,-0.28,0.175,0,2.388,55.73,102651
dispatch,435219,"dersinnsspace","tube",5.489,2,48000,0.8163,0.01659,-0.0001,12.72,0.105,0,1.891,72.84,121592
dispatch,437551,"Leandri140029","stapler",7.114,2,48000,0.4569,0.00472,0,-23.76,0.015,2.735,1.915,8.75,177936
dispatch,444426,"MTJohnson","envelope",4.149,2,48000,0.1644,0.00534,-0.00001,5.34,0.035,1.935,1.458,28.9,75912
dispatch,444431,"MTJohnson","envelope",1.152,2,48000,0.0452,0.00354,-0.00001,-14.42,0.19,0.485,0.958,9,23280
dispatch,447927,"Breviceps","hole punch",1.41,2,48000,1.0367,0.14288,-0.00053,8.14,0.035,0.885,0.563,9,36531
dispatch,448474,"","",5.235,1,48000,0.864,0.0353,-0.00001,1.01,0.035,1.14,1.011,0.07,133440
dispatch,461875,"","",7.638,2,48000,0.6124,0.02518,-0.00001,9.39,0.235,4.595,2.204,16.17,88152
dispatch,470710,"","",1.59,2,48000,0.992,0.07792,-0.00028,18.25,0.06,0.56,2.022,0.37,38454
dispatch,494603,"","",4.784,2,48000,0.6427,0.03873,-0.00001,38.02,0.325,1.63,1.728,9,72196
dispatch,503034,"samarobryn","letterbox",3.428,2,48000,1.1059,0.04129,-0.00001,-8.86,0.05,2.38,1.782,4.94,86726
dispatch,560391,"","",6,2,48000,1.0661,0.20825,0.0002,19.28,0.165,3.625,0.517,0.13,113171
dispatch,593146,"21100375","envelope",2.635,1,48000,0.084,0.00332,0,-6.74,0.07,0.97,1.549,2.31,64320
dispatch,622677,"iut_Paris8","envelope",8,2,48000,0.722,0.30995,0.00034,50.97,1.335,3.665,0.349,1.78,94552
dispatch,628631,"el_boss","hole punch",7.027,2,48000,0.5977,0.01061,-0.00008,-2.47,0.015,1.095,1.75,4.72,178045
dispatch,662327,"ARodLRU2018","stapler",0.605,2,48000,0.2655,0.02367,0.00066,-3.21,0.04,0.17,9,9,13032
dispatch,671094,"","",6.259,2,48000,0.9386,0.0948,0.00001,16.65,0.155,4.125,0.481,0.46,108936
dispatch,683031,"","",0.709,2,48000,0.7928,0.10574,0.00176,31.51,0.135,0.175,9,9,19200
dispatch,79699,"labailey","slot machine coin",2.125,2,48000,0.275,0.05762,-0.00062,22.25,0.285,1.84,0.381,6.91,50200
dispatch,81122,"Josh Herman","stapler",3.55,2,48000,0.289,0.00386,0,-12.62,0.02,1.745,2.145,6.68,66192
dispatch,811339,"Sadiquecat","letterbox",6.156,1,48000,0.9649,0.02246,0,-4.37,0.075,4.81,0.713,22.31,143424
dispatch,811953,"Sadiquecat","letterbox",7.833,2,48000,0.3735,0.01604,0.00001,1.68,0.17,2.475,0.764,6.73,186960
dispatch,839951,"KerDwyn","slot machine coin",1.82,1,48000,0.4443,0.07913,-0.00023,9.28,0.105,0.685,0.19,4.22,32627
dispatch,852067,"","",1.031,1,48000,0.3056,0.01484,-0.00001,-4.59,0.11,0.495,0.578,9,27648
dispatch,855977,"","",2.455,2,48000,0.6082,0.05056,0.00005,-3.57,0.02,2.275,0.902,23.25,48269
dispatch,91490,"skynproduction","stapler",2.392,2,48000,1.0252,0.03432,0.00165,-10.26,0.015,0.755,1.301,7.19,58342
done,112844,"","",3.458,2,48000,0.3811,0.01209,-0.00001,3.41,0.11,1.51,2.333,3.36,80514
done,151271,"timgormly","lever",0.625,2,48000,0.703,0.08148,-0.0007,10.45,0.15,0.385,9,9,14610
done,318686,"","",1.148,2,48000,1.0247,0.07976,-0.00002,-5.04,0.06,0.59,0.548,9,25670
done,322433,"Glitchedtones","lever",0.772,2,48000,0.4904,0.02081,0.00014,3.25,0.095,0.175,0.751,9,22181
done,322434,"Glitchedtones","lever",1.614,2,48000,0.5645,0.01218,0.00007,-1,0.025,0.975,1.086,12.79,41332
done,345955,"","",2.921,1,48000,0.8676,0.04114,0,-6.78,0.075,2.385,1.101,14.6,72480
done,350641,"","",3.522,2,48000,0.0313,0.00282,-0.00002,7.99,0.8,1.515,0.911,20.15,82958
done,384698,"","",0.189,2,48000,0.9506,0.09802,0.00037,-7.98,0.025,0.075,9,9,8142
done,384699,"bassmosphere","relay",2.596,2,48000,1.1984,0.11795,-0.00312,-1.9,0.28,1.335,1.486,12.98,65229
done,384701,"","",0.582,2,48000,1.0801,0.08242,0.00003,-2.82,0.13,0.055,9,9,17743
done,403546,"","",5.934,1,48000,0.7581,0.03409,0,6.08,0.085,1.865,1.156,23.73,141024
done,406238,"","",6.135,1,48000,0.0237,0.00169,-0.00002,5.36,0.12,1.84,0.532,1.96,150672
done,455758,"","",7.776,2,48000,1,0.04714,-0.00008,6.58,0.255,1.465,1.708,6.65,186816
done,467184,"ThunderQuads","camera shutter",6.222,2,48000,0.3656,0.00867,-0.00001,-8.48,0.02,0.75,1.71,54.16,150195
done,467185,"ThunderQuads","camera shutter",7.142,2,48000,0.4362,0.01279,-0.00004,-18.47,0.015,0.37,1.541,0.96,174665
done,479418,"Janosch-JR","relay",7.512,2,48000,1.2459,0.11204,0.00118,-28.4,0.01,0.07,0.037,0.21,202768
done,506146,"mitchanary","lever",1.785,2,48000,0.1701,0.00774,-0.00016,-0.28,0.065,0.475,0.481,10.71,34848
done,513665,"115VAC","relay",1.01,1,48000,0.6087,0.05904,0.00003,26.96,0.02,0.805,0.23,9,8280
done,579874,"yfjesse","camera shutter",1.75,2,48000,0.9326,0.01401,0,-22.39,0.015,0.43,1.517,71.1,22789
done,579875,"yfjesse","camera shutter",4.875,2,48000,0.9235,0.01319,-0.00001,-9.98,0.01,0.575,2.251,9,62369
done,579876,"yfjesse","camera shutter",1.375,2,48000,0.9356,0.02921,-0.00001,-13.04,0.03,0.18,1.226,9,20055
done,579877,"yfjesse","camera shutter",2,2,48000,0.9295,0.02029,0,-9.4,0.02,1.01,1.462,62.91,35371
done,579878,"yfjesse","camera shutter",3.125,2,48000,0.9903,0.0195,0,-7.77,0.01,0.175,1.831,9,44278
done,579879,"yfjesse","camera shutter",3.875,2,48000,0.9752,0.01914,0,-17.61,0.065,2.225,1.672,62.62,70818
done,579880,"yfjesse","camera shutter",4,2,48000,0.9283,0.02379,0,-15.28,0.02,1.075,1.501,9,55596
done,579881,"yfjesse","camera shutter",2.875,2,48000,0.9774,0.05251,0,6.48,0.055,0.715,1.883,9,34386
done,579882,"yfjesse","camera shutter",3.5,2,48000,1.0175,0.02198,-0.00001,-2.98,0.02,1.42,2.897,9,30093
done,579883,"yfjesse","camera shutter",0.875,2,48000,0.9543,0.03364,0,-16.27,0.03,0.12,1.405,9,15546
done,579884,"yfjesse","camera shutter",4.5,2,48000,0.9549,0.02684,-0.00001,-20.15,0.04,3.345,1.058,40.57,76158
done,627815,"FrancoisTJP","tape stop",3.428,2,48000,0.8291,0.01829,-0.00016,-2.44,0.045,0.85,2.538,0.54,83274
done,627817,"FrancoisTJP","tape stop",2.478,2,48000,0.7929,0.02557,-0.00021,-0.66,0.05,0.58,2.242,6.37,61049
done,627827,"FrancoisTJP","tape stop",4.171,2,48000,0.3161,0.00716,-0.00015,1.88,0.03,2.475,1.401,12.38,102273
done,646168,"UFOS__","toggle",0.395,2,48000,1.0893,0.07236,0.00149,-16.43,0.02,0.125,9,9,10959
done,646169,"UFOS__","toggle",0.371,2,48000,1.0599,0.06168,0.00142,-15.95,0.02,0.11,9,9,10071
done,646170,"UFOS__","toggle",0.366,2,48000,1.0405,0.04991,0.00125,-22.93,0.02,0.05,9,9,10020
done,646171,"UFOS__","toggle",0.325,2,48000,1.0803,0.09298,0.002,-12.46,0.03,0.075,9,9,9601
done,646172,"UFOS__","toggle",0.534,2,48000,1.1336,0.083,0.0024,-12.91,0.03,0.115,9,9,13384
done,646173,"UFOS__","toggle",0.441,2,48000,1.1591,0.09234,0.00172,-15.61,0.04,0.18,9,9,12214
done,646174,"UFOS__","toggle",0.418,2,48000,1.0703,0.10399,0.00237,-12.99,0.03,0.105,9,9,11324
done,674028,"","",0.114,2,48000,0.0572,0.00713,-0.00001,-8.64,0.03,0,9,9,5793
done,680834,"not_yr","cassette",5.765,1,48000,0.7584,0.01293,0,-2.18,0.02,3.075,1.255,30.49,138912
done,721342,"Jerimee","toggle",0.284,1,48000,0.6866,0.06837,0,17.42,0.045,0.085,9,9,9840
done,734310,"","",3.325,2,48000,0.6324,0.01988,0,-31.7,0.02,2.93,0.805,1.23,35585
done,734311,"","",4.735,2,48000,0.7463,0.0293,0,-12.32,0.05,1.31,1.003,3.82,52321
done,734312,"","",3.588,2,48000,0.5442,0.02777,0,-14.99,0.065,1.91,0.772,1.21,40590
done,740251,"JoontheFloof","relay",0.125,2,48000,0.8275,0.05339,0,-46.26,0.005,0.005,9,9,4121
done,740252,"JoontheFloof","relay",0.25,2,48000,1.0534,0.04388,0,-44.14,0.005,0.04,9,9,7880
done,740253,"JoontheFloof","relay",0.125,2,48000,0.7401,0.04351,0,-40.48,0.01,0.1,9,9,4644
done,752744,"","",1.279,2,48000,0.8695,0.0508,-0.00003,8.46,0.11,0.7,0.612,9,25881
done,752748,"","",1.994,2,48000,0.9418,0.09086,0.00003,-6.2,0.06,1.69,0.245,5.11,42420
done,752749,"","",1.458,2,48000,0.5837,0.08053,-0.00003,-5.4,0.82,0.38,0.242,9,30260
done,752753,"sprinkleCipher","lever",0.738,2,48000,0.8544,0.0349,-0.00001,-6.42,0.045,0.27,9,9,16275
done,784946,"","",0.25,2,48000,0.7311,0.05418,0,-21.73,0.02,0.11,9,9,5568
done,803335,"","",5.419,2,48000,0.6166,0.09911,-0.00003,-6.84,0.86,3.4,0.287,6.89,127414
done,827344,"Mihacappy","lever",0.404,2,48000,0.4471,0.03958,-0.00004,-13.28,0.045,0.045,9,9,9168
done,827346,"Mihacappy","lever",0.414,2,48000,0.6219,0.03128,-0.00003,-8.98,0.165,0.04,9,9,9264
done,828131,"Mihacappy","lever",0.738,2,48000,0.4664,0.0161,-0.00006,1.66,0.07,0.32,9,9,17040
latch,177851,"Motion_S","case latch",0.597,1,48000,0.9941,0.02019,-0.00001,-4.44,0.01,0.005,9,9,16701
latch,213397,"chewiesmissus","latch",0.8,2,48000,0.4267,0.01648,-0.00331,3.76,0.09,0.23,0.63,9,22752
latch,322431,"Glitchedtones","latch",0.871,2,48000,0.6518,0.01729,-0.00004,2.53,0.09,0.06,0.956,9,24738
latch,322432,"Glitchedtones","latch",2.237,2,48000,0.5666,0.01035,0.00001,-0.99,0.025,0.985,1.272,0.26,55495
latch,451695,"kyles","latch",0.65,2,48000,0.4434,0.03552,0.00001,-3.75,0.18,0.16,9,9,18912
latch,451847,"kyles","latch",7.841,2,48000,0.2144,0.02199,-0.00001,-1.14,0.105,0.415,1.201,7.87,187200
latch,452607,"kyles","latch",4.838,1,48000,0.4748,0.01153,0,5.87,0.055,0.86,1.334,18.55,114096
latch,455806,"kyles","latch",4.613,2,48000,0.6165,0.0187,0,-2.46,0.035,3.685,1.536,22.05,115872
latch,509108,"wlabarron","door latch open",5.76,1,48000,0.9741,0.06931,-0.00003,26.12,0.14,3.89,2.197,16.06,136320
latch,528710,"Rolly-SFX","clasp open",0.45,2,48000,1,0.04956,-0.00011,-26.21,0.03,0.175,9,9,13776
latch,62449,"bsumusictech","case latch",1.006,2,48000,1.061,0.1587,0.00041,10.83,0.12,0.36,1.25,9,26667
latch,62450,"bsumusictech","case latch",0.812,2,48000,0.9764,0.13245,0.00208,17.58,0.05,0.41,1.221,9,22127
latch,62451,"bsumusictech","case latch",2.281,2,48000,0.982,0.19685,0.00576,23.9,0.08,0.59,1.07,11.11,58499
latch,655314,"johnnypanic","latch",2.516,1,48000,0.7063,0.05181,-0.00004,-3.07,0.55,0.125,1.599,46.22,57402
latch,682729,"RiceWitch","case latch",4.563,1,48000,1.0058,0.05047,-0.00007,6.28,0.035,2.605,1.227,40.97,112583
latch,683414,"SholeColtis","latch",7.674,2,48000,0.2119,0.02834,0.00002,22.23,0.13,0.045,0.963,19.45,146880
latch,764895,"Joshua_van_Zyl","case latch",4.465,2,48000,0.0249,0.00033,0,10.09,0.045,2.11,3.988,9,23736
latch,764896,"Joshua_van_Zyl","case latch",5,2,48000,0.0592,0.00064,0,3.14,0.045,2.45,3.43,9,35040
latch,795444,"randbsoundbites","clasp open",5.01,1,48000,0.5662,0.01026,0.00001,4.68,0.035,3.435,2.085,0.03,117921
latch,822397,"_sinny_","clasp open",0.193,2,48000,1.0089,0.04226,-0.00208,-8.47,0.045,0.14,9,9,7829
latch,835523,"Sadiquecat","case latch",0.18,1,48000,0.9727,0.07768,0.00005,7.83,0.015,0.12,9,9,6528
latch,844429,"Huglex","case latch",0.668,2,48000,0.6091,0.05082,0.00002,0.77,0.105,0.195,9,9,14870
latch,844430,"Huglex","case latch",0.834,2,48000,0.2177,0.02998,-0.00002,-5.32,0.325,0.115,0.712,9,15493
latch,844431,"Huglex","case latch",0.683,2,48000,0.5894,0.04743,0.00001,1.57,0.17,0.2,9,9,14767
latch,844432,"Huglex","case latch",1.027,2,48000,0.2159,0.02386,0.00001,-2.01,0.29,0.215,0.962,9,21705
latch,844433,"Huglex","case latch",0.851,2,48000,0.6526,0.04213,-0.00001,3.8,0.04,0.235,0.268,9,17215
latch,855584,"ApeinCave","door latch open",6.158,2,48000,0.6705,0.04642,-0.00001,-11.12,0.21,1.29,0.61,10.99,149743
room,108400,"filmfan87","empty room tone",13.27,1,48000,0.0045,0.00106,0,25.56,0.98,5.14,0.134,1.39,298272
room,232846,"xavimuse","silent room",14.268,2,48000,0.9267,0.09043,-0.00008,43.17,0.035,2.14,1.669,3.78,327683
room,250024,"launemax","silent room",44.287,2,48000,0.1611,0.01582,0.00001,25.64,0.015,5.125,1.575,5.09,993984
room,274339,"Frederik_Sunne","silent room",56,2,48000,0.1448,0.03369,0.00005,14.64,0.06,0.89,0.139,2.24,1273056
room,451616,"kyles","empty room tone",50.274,2,48000,0.1839,0.04871,-0.00004,45.69,0.235,4.94,0.068,0.23,1129728
room,451617,"kyles","room tone",16.383,2,48000,0.249,0.06042,-0.00002,28.71,0.05,3.555,0.273,0.95,382944
room,453551,"kyles","room tone",40.41,2,48000,0.0939,0.02225,-0.00002,23.47,1.8,6.2,0.035,0.21,915264
room,454168,"kyles","empty room tone",23.125,2,48000,0.0357,0.00558,0,12.72,2.05,5.95,0.109,0.33,524976
room,454169,"kyles","empty room tone",21.632,2,48000,0.0254,0.00533,0,15.63,5.78,2.22,0.072,0.38,491808
room,472662,"tvilgiat","empty room tone",16.859,1,48000,0.0019,0.00047,0,20.52,6.46,1.54,0.056,0.64,390003
room,472663,"tvilgiat","empty room tone",23.627,1,48000,0.0129,0.00323,0,28.81,0.17,3.24,0.199,0.27,543458
room,472664,"tvilgiat","empty room tone",15.52,1,48000,0.0045,0.00132,0,29.13,0.05,3.375,0.187,0.08,358543
room,472665,"tvilgiat","empty room tone",21.178,1,48000,0.0069,0.00174,0,30.75,0.12,4.54,0.11,0.11,478733
room,472666,"tvilgiat","empty room tone",13.627,1,48000,0.0115,0.00298,0,34.84,0.14,1.915,0.159,0.86,314880
room,472668,"tvilgiat","empty room tone",46.091,1,48000,0.01,0.00265,-0.00001,33.92,0.085,1.51,0.149,0.21,1058998
room,488045,"BenDrain","empty room tone",25.75,2,48000,0.0765,0.01739,0.00004,32.26,0.955,4.09,0.19,2.22,478128
room,547953,"Cyber-ray","silent room",9.732,2,48000,0.0157,0.00757,0.0073,23.76,0.58,7.42,0.025,0.22,185668
room,570015,"Sheyvan","empty room tone",50.896,2,48000,0.0346,0.00747,0,26.13,0.31,7.6,0.142,2.64,1180176
room,612161,"jb_stems","silent room",10.008,1,48000,0.3519,0.02496,0,18.69,0.17,3.79,1.258,9,191424
room,652672,"tortillathrilla","empty room tone",13.327,1,48000,0.2069,0.05736,-0.00016,26.74,0.09,3.7,0.115,0.68,310884
room,751343,"henner1964","silent room",35.84,2,48000,0.0254,0.00379,-0.00027,23.44,0.085,1.29,0.418,5.44,834432
room,794377,"Sadiquecat","silent room",8.625,2,48000,0.0563,0.00792,0,22.07,0.76,0.03,1.434,32.85,197856
room,794378,"Sadiquecat","silent room",11.314,2,48000,0.4382,0.05246,0.00001,48.65,3.88,0.045,0.911,46.63,258432
room,794379,"Sadiquecat","silent room",7.009,2,48000,0.0278,0.00349,0.00001,24.37,0.165,6.09,0.341,3.6,164064
room,794380,"Sadiquecat","silent room",6.435,2,48000,0.0362,0.00419,0,25.14,0.22,4.705,0.406,13.66,151296
room,794381,"Sadiquecat","silent room",4.635,2,48000,0.0234,0.00278,0,17.33,1.375,0.06,0.641,26.33,108816
room,794382,"Sadiquecat","silent room",2.66,2,48000,0.0591,0.00469,0,5.57,0.395,0.005,0.932,24.04,63408
room,794383,"Sadiquecat","silent room",8.444,2,48000,0.4971,0.07563,-0.00001,46.08,3.215,0.285,0.89,60.05,192960
room,794384,"Sadiquecat","silent room",7.475,2,48000,0.5661,0.08722,-0.00003,51.95,3.695,0.025,0.753,50.68,169632
room,794385,"Sadiquecat","silent room",10.837,2,48000,0.441,0.06311,0.00005,44.31,3.825,0.075,0.87,43.37,246000
room,794386,"Sadiquecat","silent room",12.407,2,48000,0.3414,0.04865,0.00002,48.23,4.585,0,0.584,13.74,281328
room,794428,"Sadiquecat","silent room",11.033,2,48000,0.1704,0.02478,0,43.03,3.51,0.075,0.804,17.54,248064
room,794429,"Sadiquecat","silent room",8.87,2,48000,0.2855,0.04915,-0.00002,44.57,5.825,0.03,0.77,25.54,199392
room,794431,"Sadiquecat","silent room",7.753,2,48000,0.1293,0.03055,0,49.73,2.415,0.745,0.872,30.83,176832
room,794437,"Sadiquecat","silent room",8.835,2,48000,0.1602,0.03722,0,47.81,6.195,0.545,0.696,40.21,200064
room,794460,"Sadiquecat","silent room",6.608,2,48000,0.1235,0.02852,0,42.28,2.655,0.005,0.746,39.92,154944
room,794462,"Sadiquecat","silent room",5.795,2,48000,0.1004,0.01873,0,42.8,3.155,0.12,0.87,34.74,131520
settle,119797,"lmbubec","sugar pour",1.1,2,48000,0.0967,0.01966,0,8.97,0.54,0.44,0.087,9,21696
settle,158466,"SoundCollectah","sand falling",0.837,2,48000,0.7607,0.03133,-0.00001,10.42,0.05,0,1.212,9,21811
settle,232130,"Werra","powder",2.803,2,48000,0.962,0.04924,-0.00054,10.56,0.165,0.64,1.952,23.79,57446
settle,235278,"Godowan","seeds pour",1.418,2,48000,0.1893,0.00987,0,-26.31,0.025,0.045,1.312,9,28560
settle,235279,"Godowan","seeds pour",2.127,2,48000,0.3557,0.0135,0,-38.27,0.04,0.07,1.729,51.75,41520
settle,235600,"tcrocker68","powder",1.902,2,48000,0.0134,0.00268,-0.00005,2.7,0.09,0.23,0.285,3.91,38496
settle,320486,"voho","sand falling",7.744,2,48000,0.5357,0.02757,0,-5.7,0.555,1.15,0.542,7.41,189648
settle,414416,"sonicmower","powder",2.61,1,48000,0.6791,0.02033,0,-7.13,0.02,1.12,0.502,3.64,66900
settle,556974,"lucasfuchs","seeds pour",6.787,2,48000,0.1059,0.00517,0,-6.63,0.27,4.73,0.324,4.49,130008
settle,571997,"SieuAmThanh","powder",2.978,2,48000,0.7561,0.01997,-0.00001,-2.4,0.025,2.55,0.783,4.6,73576
settle,828577,"sszy","seeds pour",2.776,2,48000,0.5957,0.02273,0.00001,4.96,0.02,0.37,0.628,6.75,69600
settle,841852,"Dreadman247","sand falling",0.871,1,48000,0.2496,0.01643,-0.00005,-0.76,0.11,0.325,1.043,9,24768
settle,199325,"martinimeniscus","sand pour",6.473,2,48000,0.1922,0.00386,0,-9.47,0.015,0.67,0.519,2.73,166272
settle,199362,"martinimeniscus","sand pour",7.875,2,48000,0.172,0.00409,0,-6.49,0.045,0.605,0.659,5.81,190080
settle,326300,"Wagna","grain pour",3.529,2,48000,0.2691,0.03711,0,-35.97,1.565,1.47,0.672,1.83,84005
settle,326301,"Wagna","grain pour",2.972,2,48000,0.3014,0.04093,0,-35.72,1.275,1.19,0.6,7.73,71066
settle,326302,"Wagna","grain pour",3.808,2,48000,0.2061,0.03499,0,-35.87,0.495,3.01,0.453,0.33,89745
settle,326303,"Wagna","grain pour",3.808,2,48000,0.251,0.03558,0,-35.66,0.585,3,0.477,1.94,89955
settle,326304,"Wagna","grain pour",4.458,2,48000,0.22,0.03226,0,-35.59,2.955,1.105,0.515,1.57,104669
settle,464005,"juanforeromusic","rice pour",8,1,48000,0.7484,0.0365,0.0001,-20.29,0.025,4.975,0.844,27.79,217632
settle,569734,"Sheyvan","gravel small",2.085,1,48000,0.3479,0.00645,0,-16.84,0.02,0.58,0.875,0.34,63504
settle,569736,"Sheyvan","gravel small",6.939,1,48000,0.4796,0.00489,0,-6.35,0.015,2.95,0.838,12.47,194256
settle,569738,"Sheyvan","gravel small",2.571,1,48000,0.2119,0.00357,0,-4.93,0.03,0.375,0.517,14.87,77472
settle,569739,"Sheyvan","gravel small",2.148,1,48000,0.176,0.00394,0,-7.34,0.03,0.68,0.762,1.29,65616
settle,569740,"Sheyvan","gravel small",2.5,1,48000,0.108,0.00236,0,-9.89,0.03,0.34,0.623,15.37,73248
settle,569741,"Sheyvan","gravel small",3.667,1,48000,0.2823,0.00422,0,-9.46,0.015,0.725,0.823,30.06,104592
settle,569742,"Sheyvan","gravel small",3.167,1,48000,0.2089,0.00401,0,-9.83,0.035,1.24,0.459,8.18,95184
settle,569744,"Sheyvan","gravel small",2.793,1,48000,0.2043,0.00297,0,-9.63,0.01,0.135,0.868,25.04,75792
settle,569746,"Sheyvan","gravel small",4.549,1,48000,0.2446,0.00351,0,-5.87,0.01,0.305,0.793,25.87,127824
settle,611353,"SieuAmThanh","salt pour",1.339,1,48000,0.2594,0.02651,0,-25.72,0.125,0.415,0.469,9,32717
settle,692101,"Wastefield","grain pour",6.992,1,48000,0.1184,0.01433,0,-25.32,2.14,0.405,0.77,21,147746
settle,778534,"BlondPanda","sand",0.56,2,48000,0.108,0.0168,0.00001,-2.67,0.21,0.06,9,9,15888
settle,778539,"BlondPanda","sand",0.841,2,48000,0.1063,0.01796,0,-7.88,0.415,0.08,0.471,9,22368
settle,778540,"BlondPanda","sand",0.993,2,48000,0.1053,0.01457,0,-0.95,0.22,0.085,0.601,9,26496
settle,778541,"BlondPanda","sand",0.964,2,48000,0.0997,0.01604,-0.00001,-4.66,0.075,0.05,0.232,9,25152
settle,778542,"BlondPanda","sand",1.036,2,48000,0.1026,0.0125,0.00001,-2.78,0.25,0.025,0.414,9,27840
settle,778543,"BlondPanda","sand",0.855,2,48000,0.1088,0.0118,0.00003,-2.62,0.11,0.035,0.313,9,22656
settle,778545,"BlondPanda","sand",0.746,2,48000,0.1097,0.01484,0,-5.96,0.505,0.08,9,9,20160
settle,778546,"BlondPanda","sand",0.891,2,48000,0.1029,0.01289,0,-4.21,0.065,0.045,0.201,9,24096
settle,778549,"BlondPanda","sand",0.803,2,48000,0.1043,0.01627,0,-3.96,0.36,0.25,0.445,9,22224
settle,778550,"BlondPanda","sand",0.838,2,48000,0.0967,0.009,0,-0.97,0.215,0.025,0.458,9,22368
settle,778551,"BlondPanda","sand",0.92,2,48000,0.1098,0.01109,0,-7.48,0.215,0.045,0.117,9,25152
settle,778553,"BlondPanda","sand",0.947,2,48000,0.0936,0.00988,-0.00001,-3.46,0.175,0.03,0.135,9,24864
settle,778555,"BlondPanda","sand",1.013,2,48000,0.1033,0.01108,0,-4.19,0.415,0.21,0.437,9,26400
settle,778559,"BlondPanda","sand",0.87,2,48000,0.1082,0.01168,0.00001,-4.56,0.07,0.04,0.26,9,23328
settle,787857,"Zeinel-2-and-Hope-sounds-3","gravel small",4.085,1,48000,0.5062,0.04929,-0.00007,0.87,1.695,1.145,0.834,10.96,96864
settle,823855,"bassimat","rice pour",7.391,1,48000,0.965,0.05871,-0.00001,-15.06,0.025,0.17,0.249,3.73,226944
shut,142594,"timgormly","drawer close",0.667,2,48000,0.8101,0.08132,-0.00288,12.95,0.105,0.23,9,9,16959
shut,237936,"jankooiker","drawer close",1.904,1,48000,0.4671,0.03685,0,14.31,0.025,1.44,0.934,10.85,46340
shut,276440,"ScaniX","drawer close",4.981,1,48000,0.9846,0.06928,-0.00008,19.83,0.085,4.41,1.282,3.91,112663
shut,322397,"Glitchedtones","drawer close",2.504,2,48000,0.5979,0.01525,0,16.94,0.03,1.21,1.018,3.44,61473
shut,331427,"supersnd","lid close",0.48,1,48000,0.806,0.03294,-0.00003,-5.45,0.02,0.15,9,9,13829
shut,382659,"bbrocer","cabinet close",0.834,1,48000,1.0574,0.0468,0,3.64,0.09,0.38,1.3,9,22231
shut,382665,"bbrocer","cabinet close",3.4,1,48000,0.9891,0.03993,-0.00001,10.67,0.105,2.63,1.4,19.85,81711
shut,382666,"bbrocer","cabinet close",4.436,1,48000,0.9645,0.04999,0,25.6,0.11,3.315,1.868,1.92,105136
shut,426766,"cMilan","cabinet close",1.852,2,48000,1,0.2258,-0.00126,13.49,0.195,0.375,0.858,21.35,35952
shut,444415,"MTJohnson","drawer close",2.372,2,48000,0.2252,0.00534,-0.00001,4.55,0.045,1.24,1.191,22.78,45312
shut,448392,"LordForklift","lid close",1.584,1,48000,1.0019,0.04829,0,-5.29,0.17,0.72,1.376,9.55,38405
shut,452209,"kyles","cabinet close",3.536,2,48000,0.5417,0.01274,0,6.32,0.06,0.58,1.212,29.86,88656
shut,452210,"kyles","cabinet close",4.53,2,48000,0.3422,0.01318,-0.00002,8.13,0.055,0.06,1.971,30.77,108480
shut,452211,"kyles","cabinet close",5.335,2,48000,0.8014,0.03564,-0.00001,9.49,0.05,0.435,1.597,22.43,129600
shut,452221,"kyles","drawer close",0.547,2,48000,0.7052,0.04754,0,11.47,0.04,0.07,9,9,15312
shut,452613,"kyles","drawer close",7.591,1,48000,0.6733,0.03189,0,16.52,0.045,2.625,1.401,3.53,180336
shut,452615,"kyles","drawer close",2.753,1,48000,0.4769,0.0303,0.00001,20,0.04,2.495,0.644,4.97,67152
shut,452620,"kyles","cabinet close",1.311,2,48000,0.7158,0.05251,0.00002,9.61,0.185,0.195,1.269,9,23856
shut,489715,"ShadowSilhouette","cabinet close",1.002,1,48000,0.2609,0.00756,0.00008,13.13,0.04,0.315,1.191,9,26400
shut,50735,"RutgerMuller","drawer close",1.112,1,48000,0.7816,0.0424,-0.00011,13.78,0.09,0.035,1.237,9,26614
shut,530825,"thebeigee","drawer close",5.461,2,48000,0.1278,0.00996,-0.00001,19.51,0.33,1.825,0.607,13.79,122880
shut,573648,"The_Frisbee_of_Peace","lid close",1.26,2,48000,0.5542,0.02825,0,26.2,0.07,0.655,1.558,9,32304
shut,593227,"ilip33","cabinet close",0.411,2,48000,1.0374,0.08092,0.00002,16.57,0.035,0.16,9,9,9182
shut,593228,"ilip33","cabinet close",0.165,2,48000,0.989,0.18765,-0.0004,20.93,0.035,0,9,9,4748
shut,620000,"ReeseEarl6910","drawer close",4.037,2,48000,0.2727,0.02775,0.00001,13.58,0.3,0.835,0.992,11.17,78528
shut,630491,"jimbo555","lid close",0.792,2,48000,1,0.1609,0.0004,6,0.145,0.025,1.297,9,15648
shut,634121,"Erbsland-Music","lid close",0.75,2,48000,0.9364,0.12135,0.00001,2.11,0.075,0.275,9,9,21696
shut,634136,"Erbsland-Music","lid close",5.767,2,48000,0.6971,0.01879,0.00004,-9.14,0.02,1.5,0.986,1.67,105024
shut,634138,"Erbsland-Music","cabinet close",5.647,2,48000,0.772,0.01906,0.00002,9.28,0.045,1.21,1.438,41.37,96312
shut,649297,"snapssound","drawer close",3.219,1,48000,0.0556,0.00239,0,6.12,0.08,1.66,1.472,9,61632
shut,649298,"snapssound","drawer close",2.903,1,48000,0.0937,0.00267,0,10.7,0.055,1.08,2.053,9,52896
shut,700419,"FaKexxChaos","cabinet close",2.005,1,48000,0.1535,0.01409,-0.00002,20.08,0.01,1.155,1.314,17.8,48000
shut,732683,"LewisEmmott5","soft close wood",1.333,1,48000,0.5452,0.05121,-0.00005,17.35,0.03,0.21,0.925,9,36384
shut,752215,"qubodup","soft close wood",3.227,1,48000,0.9753,0.11341,-0.00002,15.71,1.225,0.495,0.612,40.34,79008
shut,787714,"RealSquink","drawer close",6.588,2,48000,0.6838,0.05486,-0.00004,11.63,0.14,4.065,1.017,36.31,107280
shut,788876,"True_Killian","lid close",4.651,1,48000,0.0852,0.00131,-0.00006,7,0.03,2.595,3.296,1.2,107616
shut,788877,"True_Killian","lid close",6.059,1,48000,0.3346,0.00533,-0.00006,0.76,0.015,4.005,3.661,0.2,140160
shut,788878,"True_Killian","lid close",5.931,1,48000,0.0735,0.00137,-0.00006,13.89,0.03,4.425,3.341,7.65,136272
shut,788879,"True_Killian","lid close",5.76,1,48000,0.1034,0.00145,-0.00006,10.86,0.02,3.71,3.222,7.22,133344
shut,788880,"True_Killian","lid close",6.656,1,48000,0.4686,0.00506,-0.00006,-1.78,0.015,4.57,3.989,47.56,153600
shut,788881,"True_Killian","lid close",6.848,1,48000,0.4174,0.00569,-0.00005,4.62,0.015,4.975,0.289,48.7,158688
shut,788882,"True_Killian","lid close",6.549,1,48000,0.0563,0.00101,-0.00006,14.19,0.04,4.755,0.658,33.82,151776
shut,795619,"VizAion","soft close wood",4.096,2,48000,0.3873,0.01674,0,45.46,0.085,0.05,2.278,33.23,91750
shut,795620,"VizAion","soft close wood",4.866,2,48000,0.3104,0.01626,0.00001,58.35,0.16,0.015,2.345,33.64,106882
shut,795621,"VizAion","soft close wood",3.085,2,48000,0.3504,0.01961,0.00001,48.25,0.115,0.02,2.184,43.94,67063
shut,795624,"VizAion","soft close wood",3.973,2,48000,0.3797,0.01463,0,46.57,0.11,0.055,2.342,34.71,86740
shut,795625,"VizAion","soft close wood",5.639,2,48000,0.3186,0.01467,0,51.58,0.085,0.05,2.652,9,94545
shut,795626,"VizAion","soft close wood",2.646,2,48000,0.3483,0.01818,0,52.03,0.11,0.02,1.959,29.36,59963
shut,795627,"VizAion","soft close wood",2.851,2,48000,0.4317,0.03179,-0.00002,54.17,0.06,0.05,1.722,29.01,65340
shut,795628,"VizAion","soft close wood",2.131,2,48000,0.4327,0.03647,-0.00004,61.91,0.2,0.055,1.42,24.21,53183
shut,795629,"VizAion","soft close wood",2.245,2,48000,0.2458,0.02718,0.00022,24.16,0.12,0.75,0.557,6.8,52191
shut,795631,"VizAion","soft close wood",4.382,2,48000,0.3422,0.02024,0,54.66,0.13,2.215,1.025,21.66,97859
shut,795632,"VizAion","soft close wood",3.019,2,48000,0.3305,0.0272,0.00005,26.17,0.1,0.87,1.194,42.08,67271
shut,795633,"VizAion","soft close wood",2.623,2,48000,0.3383,0.0305,0.00007,26.48,0.125,0.45,0.996,30.19,59708
shut,795634,"VizAion","soft close wood",7.417,2,48000,0.4394,0.01806,-0.00003,45.82,0.13,0.045,3.287,38.83,101270
shut,829756,"randbsoundbites","cabinet close",1.338,1,48000,0.3846,0.02655,-0.00001,12.9,0.075,0.445,1.523,9,33239
shut,829762,"randbsoundbites","lid close",4.151,1,48000,0.3175,0.01281,-0.00001,14.23,0.07,2.755,1.768,0.48,101594
shut,829763,"randbsoundbites","lid close",3.108,1,48000,0.5708,0.02538,0,10.69,0.08,2.25,1.756,3.48,75922
shut,829781,"randbsoundbites","lid close",2.596,1,48000,0.1878,0.01355,0,10.7,0.065,1.895,1.573,32.08,65799
shut,845079,"randbsoundbites","lid close",3.783,1,48000,0.7554,0.02317,0.00001,7.07,0.04,2.86,1.222,34.49,92412
swell,147633,"myfreemickey","low swell",36,2,48000,0.7246,0.13434,-0.0003,22.24,0.145,7.855,0.564,19.62,800136
swell,154767,"jpkweli","air swell",5.891,2,48000,0.202,0.00573,-0.00004,9.59,0.03,2.965,1.103,2.13,143136
swell,24802,"spt3125","room swell",25.252,1,48000,0.213,0.03949,0,37.78,0.84,2.235,1.203,5.76,566160
swell,261210,"Stereo Surgeon","low swell",17.554,2,48000,0.2152,0.03888,0.00001,27.06,4.055,0.495,0.531,15.55,386072
swell,317050,"FiatLuxx","low swell",19,2,48000,0.5103,0.07748,-0.00004,4.01,2.925,3.665,0.652,2.12,435120
swell,317051,"FiatLuxx","low swell",22,2,48000,0.4901,0.08506,-0.00012,9.97,3.8,4.2,0.675,25.84,503136
swell,317052,"FiatLuxx","low swell",19,2,48000,0.4175,0.08535,-0.00017,21.81,2.17,2.635,0.833,4.23,435120
swell,317053,"FiatLuxx","low swell",20,2,48000,0.39,0.06932,-0.00038,13.32,3.205,2.875,0.653,19.16,456960
swell,317054,"FiatLuxx","low swell",15,2,48000,0.3582,0.09353,-0.00021,26.58,1.885,3.44,0.565,6.91,342336
swell,317055,"FiatLuxx","low swell",25,2,48000,0.5365,0.10493,-0.00017,27.87,3.415,3.64,0.536,6.59,568800
swell,317056,"FiatLuxx","low swell",18,2,48000,0.4761,0.11476,-0.00021,24.24,1.23,3.755,0.686,6.47,411648
swell,317057,"FiatLuxx","low swell",23,2,48000,0.4329,0.0866,-0.00095,21.06,4.735,2.135,0.55,10.46,524736
swell,317058,"FiatLuxx","low swell",20,2,48000,0.4466,0.14881,-0.00013,29.04,6.235,1.765,0.447,7.75,458784
swell,317059,"FiatLuxx","low swell",20,2,48000,0.4644,0.0679,0.00002,14.61,3.135,0.65,0.826,16.38,454032
swell,317060,"FiatLuxx","low swell",22,2,48000,0.5311,0.10682,-0.00017,16.14,5.355,2.305,0.519,17.67,500016
swell,37405,"funkymuskrat","room swell",1.26,2,48000,0.9729,0.21282,0.0002,-3.26,0.019,1.115,0.483,9,32458
swell,425430,"trivialAccapella","room swell",8.5,1,48000,0.6772,0.05207,-0.00002,-0.64,1.13,1.73,1.406,28.47,188015
swell,425434,"trivialAccapella","room swell",7,1,48000,0.5545,0.06287,-0.00001,-0.63,0.965,2.155,1.065,20.22,155191
swell,425456,"trivialAccapella","room swell",13.299,1,48000,0.2753,0.01918,-0.00002,4.16,0.075,7.925,0.99,24.35,294206
swell,425457,"trivialAccapella","room swell",13.299,1,48000,0.694,0.0481,-0.00006,4.15,0.075,7.925,0.99,24.35,294000
swell,425462,"trivialAccapella","room swell",8.125,1,48000,0.5138,0.04008,-0.00002,2.38,0.38,6.615,1.462,21.38,180762
swell,425463,"trivialAccapella","room swell",8.125,1,48000,0.9603,0.07502,-0.00004,2.38,0.38,6.615,1.462,21.38,180554
swell,425464,"trivialAccapella","room swell",11.625,1,48000,0.8301,0.07436,-0.00002,-0.61,1.1,2.62,1.13,21.81,258720
swell,458540,"npk417","room swell",29.977,2,48000,0.1868,0.05528,-0.00001,46.76,2.98,5.02,0.063,0.15,561458
swell,481997,"Saltbearer","soft low drone",13.408,2,48000,0.4191,0.11189,-0.00006,22.3,0.28,7.72,0.05,1.51,309088
swell,560748,"BaDoink","low swell",18.175,1,48000,0.391,0.36938,-0.00094,46.52,7.03,0.97,0.002,0.01,441232
swell,636195,"MathewHenry","low swell",25.625,2,48000,0.4697,0.10208,0.00002,64.66,1.755,1.67,0.493,8.01,550240
swell,636196,"MathewHenry","low swell",25.625,2,48000,0.4933,0.09941,0,57.9,4.38,0.965,0.455,2.85,557645
swell,636197,"MathewHenry","low swell",24.812,2,48000,0.3835,0.07012,0.00001,76.23,1.45,0.515,0.589,9.2,541685
swell,636198,"MathewHenry","low swell",24.812,2,48000,0.4723,0.07746,0,70.67,0.705,1.62,0.683,11.67,525453
swell,636199,"MathewHenry","low swell",26.25,2,48000,0.8242,0.17205,-0.00001,68.58,1.58,3.495,0.376,2.48,557308
swell,636200,"MathewHenry","low swell",26.25,2,48000,0.719,0.14318,0.00003,58.06,1.975,4.345,0.451,4.61,558378
swell,684799,"MathewHenry","low swell",9.638,2,48000,0.4749,0.064,0,11.16,0.395,6.205,0.426,31.72,220658
swell,684800,"MathewHenry","low swell",5.063,2,48000,0.3921,0.04823,0,8.93,0.25,2.565,0.758,38.39,115837
swell,684801,"MathewHenry","low swell",10.078,2,48000,0.4359,0.06788,0.00001,19.01,0.29,6.51,0.384,25.39,229058
swell,684802,"MathewHenry","low swell",5.625,2,48000,0.4124,0.04679,0,12.98,0.385,2.79,0.785,39.61,127890
swell,796962,"CVLTIV8R","soft low drone",5.801,2,48000,0.4548,0.14597,0.00007,44.51,0.17,2.06,0.121,2.16,157396
swell,797552,"CVLTIV8R","low swell",3.216,2,48000,0,0,0,0,0,0,9,9,13417
swell,797557,"CVLTIV8R","low swell",5.25,2,48000,0.7552,0.14859,0.00077,8.35,2.335,1.015,0.58,38.43,115463
swell,797558,"CVLTIV8R","low swell",29.455,2,48000,0.2476,0.10701,-0.01854,41.38,6.12,1.07,0.235,2.72,662638
swell,822395,"xkeril","air swell",11.618,2,48000,0.1321,0.01349,0,11.67,2.805,1.015,0.983,22.94,264864
swell,844017,"Lonesome_Courier","air swell",13.322,2,48000,0.2976,0.0733,-0.00002,23.9,5.265,2.735,0.145,1.67,266124
swell,858803,"bassimat","soft low drone",2.237,1,48000,0.9801,0.28012,-0.00021,21.13,1.154,0.86,0.022,0.1,29772
switch,163500,"elle-trudgett","switch flick",5.573,1,48000,1.0669,0.01825,-0.00003,-12.37,0.025,3.75,1.411,1.75,128885
switch,348219,"tbrook","light switch",0.839,1,48000,0.3582,0.01031,0,-0.97,0.02,0.145,1.336,9,17280
switch,348220,"tbrook","light switch",0.486,1,48000,0.1928,0.00806,0,4.08,0.02,0.06,9,9,10272
switch,348221,"tbrook","light switch",0.467,1,48000,0.2329,0.01185,0,9.2,0.015,0.145,9,9,10656
switch,348222,"tbrook","light switch",0.397,1,48000,0.6344,0.02317,0.00001,-3.84,0.015,0.095,9,9,9600
switch,348223,"tbrook","light switch",0.725,1,48000,0.6935,0.01066,0,-26.19,0.01,0.11,9,9,18048
switch,348224,"tbrook","light switch",0.122,1,48000,0.9733,0.03947,-0.00001,-32.61,0.01,0.01,9,9,3360
switch,348225,"tbrook","light switch",0.322,1,48000,0.409,0.01723,0,-2.7,0.015,0.015,9,9,9696
switch,367687,"FunWithSound","switch flick",1.555,2,48000,0.8666,0.01816,-0.00001,-4.63,0.01,0.52,1.345,30.94,40362
switch,386776,"ken788","switch flick",3.324,2,48000,0.6567,0.0102,0,-13.49,0.055,0.905,2.818,9,58948
switch,393856,"martian","switch flick",2.917,2,48000,1,0.07143,-0.00065,-12.6,0.02,1.32,1.354,69.4,72960
switch,412861,"SoundsForHim","light switch",6.257,2,48000,0.2326,0.00369,-0.00002,3.92,0.02,1.835,0.902,2.54,147241
switch,423957,"pillwave","toggle switch",0.354,2,48000,0.5339,0.01987,0,-24.96,0.025,0.21,9,9,10855
switch,440498,"ChrisTutorials","light switch",0.428,1,48000,1.1121,0.03407,-0.00014,-16.45,0.01,0.15,9,9,12395
switch,440499,"ChrisTutorials","light switch",0.361,1,48000,0.8564,0.03502,0,-18.27,0.035,0.135,9,9,6207
switch,444040,"EmilyPlitnick","switch flick",4.559,1,48000,0.9403,0.01055,0.00003,-6.48,0.065,3.625,1.875,24.33,99969
switch,470608,"mrrap4food","switch flick",5.417,2,48000,0.174,0.00175,-0.00045,-5.54,0.01,3,1.54,0.39,105504
switch,484062,"SpaceJoe","toggle switch",1.069,2,48000,0.8705,0.04861,-0.00001,2.08,0.16,0.155,0.939,9,29223
switch,484063,"SpaceJoe","toggle switch",1.218,2,48000,0.7529,0.0508,0.00009,4.6,0.255,0.23,0.674,9,33084
switch,484064,"SpaceJoe","toggle switch",0.829,2,48000,0.9423,0.05848,-0.00001,-1.34,0.125,0.13,0.416,9,22596
switch,484065,"SpaceJoe","toggle switch",1.093,2,48000,0.8916,0.04585,0.00004,-3.17,0.105,0.255,0.704,9,30162
switch,484066,"SpaceJoe","toggle switch",0.47,2,48000,0.9549,0.03027,-0.00001,-11.59,0.015,0.19,9,9,14688
switch,484067,"SpaceJoe","toggle switch",2.033,2,48000,0.8831,0.02747,-0.00007,1.8,0.04,1.685,0.443,5.06,53647
switch,484068,"SpaceJoe","toggle switch",3.038,2,48000,0.8431,0.03306,0,4.03,0.045,0.195,0.332,3.07,77546
switch,484069,"SpaceJoe","toggle switch",1.627,2,48000,0.7877,0.02962,0.00006,1.96,0.08,0.89,0.577,10.07,46029
switch,484070,"SpaceJoe","toggle switch",0.805,2,48000,1.1013,0.04992,0,-9.51,0.02,0.24,0.544,9,23485
switch,484071,"SpaceJoe","toggle switch",0.794,2,48000,0.9409,0.03041,-0.00001,-2.71,0.04,0.25,0.43,9,23746
switch,484072,"SpaceJoe","toggle switch",0.399,2,48000,1.0952,0.08365,0.00003,-14.16,0.015,0.16,9,9,13152
switch,484073,"SpaceJoe","toggle switch",0.417,2,48000,1.102,0.0774,0.00004,-11.44,0.015,0.09,9,9,12942
switch,484074,"SpaceJoe","toggle switch",0.527,2,48000,1.0277,0.06085,0.00003,-13.81,0.04,0.185,9,9,16178
switch,484075,"SpaceJoe","toggle switch",0.617,2,48000,1.1281,0.05356,0.00002,-15.77,0.05,0.15,9,9,17847
switch,484076,"SpaceJoe","toggle switch",0.538,2,48000,1.0233,0.04837,0.00002,-21.63,0.025,0.15,9,9,15864
switch,484077,"SpaceJoe","toggle switch",0.594,2,48000,1.1226,0.04563,-0.00003,-19.29,0.025,0.215,9,9,17117
switch,484078,"SpaceJoe","toggle switch",1.429,2,48000,0.8888,0.02311,0,3.83,0.015,0.515,0.602,9,37570
switch,484079,"SpaceJoe","toggle switch",0.563,2,48000,1.1297,0.05613,0.00001,-6.07,0.025,0.195,9,9,17065
switch,484080,"SpaceJoe","toggle switch",1.505,2,48000,0.9044,0.02743,-0.00001,4.3,0.02,0.99,0.85,6.58,39660
switch,484081,"SpaceJoe","toggle switch",0.632,2,48000,1.2272,0.07403,0.00001,-5.44,0.03,0.25,9,9,18682
switch,484082,"SpaceJoe","toggle switch",0.519,2,48000,1.1396,0.06545,0,-13.61,0.015,0.21,9,9,15865
switch,484083,"SpaceJoe","toggle switch",1.383,2,48000,0.7278,0.01796,0.00003,3.6,0.075,0.865,0.408,9,36946
switch,515163,"blwuens","light switch",7.486,2,48000,0.0586,0.00103,-0.00005,4.18,0.05,3.39,1.074,14.91,172800
switch,556629,"cookies+policy","toggle switch",0.714,1,48000,0.9605,0.02953,0,2.74,0.05,0.14,9,9,18576
switch,556630,"cookies+policy","toggle switch",1.329,1,48000,1,0.05316,-0.00024,0.28,0.035,0.355,0.47,9,34992
switch,556631,"cookies+policy","toggle switch",1.108,1,48000,1,0.05186,0.0016,-2.83,0.04,0.265,0.546,9,29856
switch,556632,"cookies+policy","toggle switch",1.419,1,48000,1,0.04501,0.00058,0.92,0.04,0.385,0.791,9,37536
switch,556636,"cookies+policy","toggle switch",0.614,1,48000,0.8319,0.02787,-0.00003,-11.02,0.015,0.085,9,9,17328
switch,560236,"andresrojashere","light switch",3.84,2,48000,0.2602,0.00595,-0.00013,-9.61,0.01,0.465,0.432,1.33,87456
switch,586516,"sechavez3499","light switch",4.348,1,48000,0.5479,0.01292,0.00001,3.9,0.035,3.795,1.17,3.35,103680
switch,631534,"greatsoundstube","light switch",2.961,1,48000,0.7207,0.01464,0,-13.27,0.02,1.9,1.979,7.14,71330
switch,631537,"greatsoundstube","switch flick",2.496,1,48000,1.2754,0.06006,0.00036,-9.99,0.04,0.18,1.53,45.45,59535
switch,631540,"greatsoundstube","toggle switch",3.025,1,48000,0.9934,0.03556,0.0002,-12.78,0.02,2.095,2.166,44.93,73572
switch,636036,"T_roy_920","switch flick",2.03,2,48000,0.8718,0.0879,-0.00003,25.39,0.06,0.12,0.431,8.34,47072
switch,718692,"ccovi","switch flick",2.056,1,48000,0.8025,0.01255,0,-8.98,0.02,0.485,1.669,8.65,51086
switch,788642,"Philip_Berger","light switch",0.218,1,48000,0.3885,0.03044,-0.00001,-2.38,0.07,0.075,9,9,8256
switch,788643,"Philip_Berger","light switch",0.233,1,48000,0.4035,0.03831,-0.00001,-1.5,0.025,0.105,9,9,8016
switch,795663,"TheTechTinkerer","toggle switch",1.979,2,48000,1.0742,0.03661,0,-22.77,0.01,0.03,1.451,55.01,47538
switch,840872,"justamudkip","light switch",3.38,1,48000,0.7956,0.02099,0,-9,0.01,0.86,1.055,3.88,81312
switch,840873,"justamudkip","light switch",3.064,1,48000,1,0.01211,0.00002,-18.92,0.02,1.95,1.313,0.49,73968
switch,840874,"justamudkip","light switch",2.928,1,48000,0.9996,0.01385,0,-17.4,0.015,1.88,1.177,0.16,70944
switch,840875,"justamudkip","light switch",4.653,1,48000,0.9759,0.01108,0.00001,-12.87,0.015,2.67,1.183,5.96,113664
switch,840876,"justamudkip","light switch",4.019,1,48000,0.8675,0.01112,0.00002,-17.57,0.01,0.275,1.611,1.51,96816
water,170513,"rolandasb","water flow loop",3.296,2,48000,0.5781,0.06494,-0.00018,-2.88,2.541,0.425,0.07,0.6,82309
water,257745,"FillSoko","water movement",9.993,2,48000,0.2425,0.05108,0.00011,12.42,3.765,4.235,0.125,0.43,229267
water,325336,"andraskollmann","underwater ambience",9.274,2,48000,0.2063,0.04443,-0.00018,52.09,0.54,2.245,0.228,3.98,129024
water,342634,"paisagemsonoraunila","water movement",55.927,2,48000,0.203,0.03625,-0.0002,3.6,3.46,4.54,0.039,0.6,1270272
water,414542,"emilyws","water movement",30.552,2,48000,0.2386,0.02021,-0.00015,20.46,0.045,3.04,0.577,1.48,808992
water,431627,"Daen23","water movement",26,2,48000,0.3835,0.00966,0,8.3,0.065,3.48,1.037,8.32,516288
water,443801,"cabusta9","water movement",14.093,2,48000,0.0274,0.00687,0.00006,38.42,0.025,0.12,0.149,1.12,327185
water,443868,"eardeer","water flow loop",26.016,2,48000,0.7393,0.09765,0.00001,0.46,5.215,2.785,0.033,0.33,599520
water,443869,"eardeer","water flow loop",29.947,2,48000,0.6943,0.10026,-0.00035,3.53,7.685,0.315,0.03,0.16,694272
water,443870,"eardeer","water flow loop",45.029,2,48000,0.778,0.14796,-0.00005,4.85,6.185,1.815,0.026,0.17,1038432
water,453552,"kyles","water movement",44.392,2,48000,0.1904,0.03612,-0.00002,52.67,0.18,1.445,0.092,1.12,1077168
water,453680,"kyles","water movement",53.568,2,48000,0.8051,0.08235,0,-4.53,2.22,5.78,0.034,0.06,1226112
water,453681,"kyles","water movement",52.395,2,48000,0.5909,0.07023,0,-4.16,3.91,4.09,0.037,0.52,1195872
water,453682,"kyles","water movement",46.123,2,48000,0.6975,0.05555,0,-4.56,4.99,3.01,0.034,0.29,1064064
water,453683,"kyles","water movement",44.779,2,48000,0.5312,0.07608,0,-4.05,1.715,6.285,0.038,0.47,1025472
water,473579,"Nox_Sound","water movement",3.363,1,48000,0.4609,0.04654,0,8.07,0.485,0.12,0.754,29.88,83712
water,473580,"Nox_Sound","water movement",1.917,1,48000,0.4576,0.03425,-0.00004,10.97,0.51,0.105,0.921,29.36,48720
water,479321,"Nox_Sound","water flow loop",34.21,2,48000,0.2851,0.01146,0,2.85,0.09,6.145,0.173,3.26,996600
water,479322,"Nox_Sound","water flow loop",24.778,2,48000,0.3557,0.01927,0,-1.2,1.705,1.965,0.081,0.4,675504
water,482116,"Nox_Sound","underwater ambience",45,2,48000,0.1681,0.04192,0.00014,60.68,0.03,7.48,0.078,0.69,977328
water,493067,"hisoul","underwater ambience",30,2,48000,0.4932,0.10627,0.00226,40.61,1.705,6.295,0.404,19.93,681456
water,493068,"hisoul","underwater ambience",30,2,48000,0.4606,0.10587,0,30.6,0.6,1.985,0.246,3.83,694656
water,493069,"hisoul","underwater ambience",30,2,48000,0.3987,0.08474,-0.00066,32.33,6.935,1.065,0.146,2.11,691104
water,493070,"hisoul","underwater ambience",30,2,48000,0.6053,0.12077,0.02182,38.6,0.04,7.23,0.274,10.76,821328
water,493071,"hisoul","underwater ambience",30,2,48000,0.5913,0.11641,-0.00095,33.06,0.085,3.175,0.259,2.69,707424
water,493072,"hisoul","underwater ambience",30,2,48000,0.4601,0.05854,0.00048,35.38,0.31,2.245,0.309,1,682152
water,493073,"hisoul","underwater ambience",30,2,48000,0.4357,0.04255,0.00001,31.76,0.05,7.27,0.329,1.17,738048
water,493074,"hisoul","underwater ambience",30,2,48000,0.6191,0.07365,0.00008,12.36,7.905,0.095,0.148,0.77,680400
water,493075,"hisoul","underwater ambience",30,2,48000,0.5979,0.09669,0,45.17,0.18,0.635,0.218,6.44,699648
water,493076,"hisoul","underwater ambience",30,2,48000,0.6377,0.29804,0.00446,60.14,0.08,5.39,0.222,3.9,675936
water,493077,"hisoul","underwater ambience",30,2,48000,0.4781,0.07558,0.00005,47.69,1.815,6.185,0.167,5.49,709440
water,493078,"hisoul","underwater ambience",30,2,48000,0.7523,0.10772,-0.00003,18.87,0.105,4.48,0.134,3.36,809424
water,493079,"hisoul","underwater ambience",30,2,48000,0.5848,0.15196,-0.00025,34.63,0.04,3.4,0.19,2.95,679104
water,504641,"Fission9","underwater ambience",46.865,2,48000,0.1488,0.03654,-0.0198,63.01,0.425,6.375,0.298,2.17,1023072
water,511018,"sweet_niche","underwater ambience",53.37,2,48000,0.1242,0.02509,-0.00003,49.76,0.05,7.95,0.233,2.73,1170608
water,530167,"Osiruswaltz","underwater ambience",16.115,2,48000,0.3601,0.07037,-0.00001,49.56,0.72,7.28,0.071,1.47,347604
water,553073,"Nox_Sound","water movement",11.249,1,48000,0.2881,0.0534,-0.00084,26.9,0.125,4.425,0.251,4.19,256176
water,567347,"Merrick079","underwater ambience",44,2,48000,0.4828,0.13447,-0.00008,49.37,0.29,3.65,0.171,0.66,1184640
water,583285,"Profispiesser","water movement",18.219,1,48000,0.5905,0.01072,0,23.88,0.04,5.905,2.082,22.42,441504
water,583287,"Profispiesser","water movement",50.005,1,48000,0.1888,0.00341,0,-6.8,0.075,0.595,0.819,9.35,1251696
water,637947,"kyles","water movement",5.572,2,48000,0.2155,0.01186,0,3.96,0.585,1.425,1.313,28.46,136800
water,637948,"kyles","water movement",4.771,2,48000,0.1377,0.0046,0,2.16,0.115,2.155,0.872,20.64,125664
water,648767,"Fran Freesound","gentle water",25.315,2,48000,0.0736,0.00222,-0.00062,0.64,0.03,6.225,0.935,0.61,654192
water,648946,"Nox_Sound","water flow loop",14.998,2,48000,0.5767,0.07105,-0.00001,-4.56,3.015,4.985,0.067,1.25,368736
water,675196,"craigsmith","underwater ambience",36.589,1,48000,0.4323,0.05518,0.00001,45.67,0.475,0.6,0.844,15.34,815424
water,676173,"Nox_Sound","water flow loop",10,2,48000,0.255,0.01177,0,-1.14,0.115,6.05,0.094,0.41,271776
water,679394,"khenshom","water movement",30.884,1,48000,0.2644,0.00834,-0.00001,6.87,0.04,6.99,1.472,5.79,809136
water,679404,"adviseme333","gentle water",4.342,2,48000,0.7059,0.00943,0,-6.47,0.01,2.49,1.157,16.15,109920
water,679407,"adviseme333","gentle water",4.116,2,48000,0.8337,0.01585,0,-3.3,0.01,2.955,1.241,6.02,98184
water,679410,"adviseme333","gentle water",10.774,2,48000,0.9576,0.01456,0,3.39,0.185,3.505,1.194,3.48,240528
water,685733,"xkeril","underwater ambience",35.51,1,48000,0.5634,0.1377,-0.00002,57.49,4.655,3.345,0.048,0.98,687456
water,701618,"8bitmyketison","gentle water",40.703,1,48000,0.2102,0.01018,-0.00004,13.26,0.08,7.43,0.714,10.18,1038189
water,829633,"Nox_Sound","water flow loop",20,2,48000,0.5431,0.10463,-0.00343,-8.78,1.875,6.125,0.024,0.12,469704
water,841983,"soundofsong","water flow loop",30.02,2,48000,0.0598,0.00637,0,9.48,0.075,5.585,0.161,0.26,560611
water,852826,"kkenny101","gentle water",21.77,1,48000,0.1131,0.00733,0,10.06,0.46,1.685,0.69,7.8,497952
water,853565,"hoshisato","gentle water",30.768,1,48000,0.2924,0.02099,0.00015,11.03,0.145,2.4,0.213,3.42,732672
water,859344,"qubodup","water flow loop",10.553,2,48000,0.1328,0.02172,-0.00003,14.39,3.34,4.66,0.263,3.01,247584
water,860229,"BayTsai","gentle water",37.547,2,48000,0.437,0.04551,-0.00001,20.09,0.23,2.915,0.702,13.56,856656
water,86225,"nmscher","gentle water",36.2,1,48000,0.0505,0.00157,-0.00002,1.36,0.155,2.09,0.676,9.34,884016
water,862788,"Oldome","underwater ambience",25.301,2,48000,0.1492,0.02122,0,56.43,0.165,0.255,0.247,0.79,598224